[
    {
        "Foto": {
            "src": "./img/Daiki Aomine.webp",
            "alt": "Foto do Daiki Aomine"
        },
        "Nome": "Daiki Aomine",
        "Idade": 16,
        "Genero": "Masculino",
        "Anime": "Kuroko no basket",
        "Curiosidade": "Aomine foi o primeiro personagem a ser mostrado a entrar na habilidade chamada 'astral' dentro do anime."
    },
    {
        "Foto": {
            "src": "./img/Kakashi Hatake do Sharingan.jpg",
            "alt": "Foto do Kakashi Hatake"
        },
        "Nome": "Kakashi Hatake",
        "Idade": 31,
        "Genero": "Masculino",
        "Anime": "Naruto/Naruto Shipudden/Boruto",
        "Curiosidade": "Kakashi é o único personagem que não vem do clã Uchiha que consegue usar o Susano´o"
    },
    {
        "Foto": {
            "src": "./img/Kyojurou Rengoku.webp",
            "alt": "Foto do Kyojuro Rengoku"
        },
        "Nome": "Kyojurou Rengoku",
        "Idade": 20,
        "Genero": "Masculino",
        "Anime": "Demon Slayer",
        "Curiosidade": "Apesar de morrer muito cedo, Rengoku é um dos personagens mais amados pelos fãs do anime."
    },
    {
        "Foto": {
            "src": "./img/Shoyo Hinata.webp",
            "alt": "Foto do Shoyo Hinata"
        },
        "Nome": "Shoyo Hinata",
        "Idade": 17,
        "Genero": "Masculino",
        "Anime": "Haikyuu!!",
        "Curiosidade": "Hinata tem apenas 1,62 m de altura, apesar disso é um jogador muito rápido e explosivo, com saltos quase sobre-humanos, sendo uma peça essencial no time do Karasuno"
    },
    {
        "Foto": {
            "src": "./img/Tanjiro Kamado.jpg",
            "alt": "Foto do Tanjiro Kamado"
        },
        "Nome": "Tanjiro Kamado",
        "Idade": 25,
        "Genero": "Masculino",
        "Anime": "Demon Slayer",
        "Curiosidade": "Apesar de ser um caçador de oni, Tanjiro aparentemente é o personagem que mais demonstra compaixão pelos oni que enfrenta."
    }
]